Searches,News,People,Actors,Athletes,Beauty Questions,Diet,Fashion Brands,Fashion Searches,Food,GIFs,How to,Loss,Movies,Musicians and Bands,Politicians,Professional Sports Teams,Songs,TV Shows,Weddings,What is...?,Where is...?,Who...?,World Cup Teams,Cómo... ?,Dónde...?,Qué es...?,Recetas,Canciones,Video Games
1) World Cup,1) World Cup,1) Demi Lovato,1) Logan Paul,1) Tristan Thompson,1) How to apply magnetic lashes,1) Keto diet,1) Fashion Nova,1) 1980s fashion,1) Unicorn cake,1) Fortnite GIF,1) How to vote,1) Mac Miller,1) Black Panther,1) Demi Lovato,1) Stacey Abrams,1) Cleveland Cavaliers,1) Bohemian Rhapsody,1) Roseanne,1) Royal Wedding,1) What is Bitcoin,1) Where is Villanova University,1) Who won Mega Millions,1) Mexico National Football Team,1) Cómo bajar la presion alta,1) Dónde votar,1) Qué es el movimiento naranja,1) Capirotada receta,1) Te Bote Remix,1) Fortnite
2) Hurricane Florence,2) Hurricane Florence,2) Meghan Markle,2) Bill Cosby,2) Shaun White,2) What is a lash lift,2) Dubrow diet,2) Louis Vuitton,2) Grunge style,2) Romaine lettuce,2) Default Dance GIF,2) How to register to vote,2) Kate Spade,2) Incredibles 2,2) Eminem,2) Beto O'Rourke,2) Boston Red Sox,2) This Is America,2) Altered Carbon,2) Priyanka Chopra Wedding,2) What is racketeering,2) Where is Croatia,2) Who dies in Infinity War,2) Brazil National Football Team,2) Cómo decorar una sala,2) Dónde sera el mundial 2022,2) Qué els clenbuterol,2) Receta de chocoflan,2) Aerolinea Carrillo,2) Red Dead Redemption 2
3) Mac Miller,3) Mega Millions,3) Brett Kavanaugh,3) Sylvester Stallone,3) Lindsey Vonn,3) How to remove individual eyelashes,3) Noom diet,3) Versace,3) 1990s fashion,3) CBD gummies,3) Dilly Dilly GIF,3) How to play Mega Millions,3) Anthony Bourdain,3) Deadpool 2,3) Ariana Grande,3) Ted Cruz,3) Philadelphia Eagles,3) Baby Shark,3) The Haunting of Hill House,3) Princess Eugenie Wedding,3) What is DACA,3) Where is Parkland Florida,3) Who won McGregor vs Khabib,3) Germany National Football Team,3) Cómo aprender ingles rapido,3) Dónde esta la leche,3) Qué es la cuaresma,3) Chimichurri receta,3) A Traves del Vaso,3) Fallout 76
4) Kate Spade,4) Election Results,4) Logan Paul,4) Pete Davidson,4) Le'Veon Bell,4) What hair color looks best on me,4) Carnivore diet,4) Givenchy,4) 2000s fashion,4) Keto pancakes,4) Orange Justice GIF,4) How to buy Ripple,4) Stan Lee,4) Avengers: Infinity War,4) Rick Ross,4) Andrew Gillum,4) New York Yankees,4) God's Plan,4) American Idol,4) Kat Von D Wedding,4) What is a government shutdown,4) Where is Hurricane Florence,4) Who won Logan or KSI,4) Argentina National Football Team,4) Cómo recuperar mi cuenta de Facebook,4) Dónde esta mi reembolso irs,4) Qué es badabun,4) Coctel de camaron receta,4) Amor Foda,4) Far Cry 5
5) Anthony Bourdain,5) Hurricane Michael,5) Khloé Kardashian,5) Michael B. Jordan,5) Kawhi Leonard,5) How to do cat eye,5) Mediterranean diet,5) Gucci,5) Meghan Markle,5) Keto cheesecake,5) Black Panther GIF,5) How to turn off automatic updates,5) Aretha Franklin,5) A Quiet Place,5) Cardi B,5) Alexandria Ocasio-Cortez,5) Los Angeles Dodgers,5) Killshot,5) Lost in Space,5) Deepika Padukone Wedding,5) What is Good Friday,5) Where is Hurricane Michael,5) Who killed XXXTentacion,5) Croatia National Football Team,5) Cómo se si gane algo en Mega Millions,5) Dónde esta mi telefono,5) Qué es heterosexual,5) Lentejas receta,5) Rolling One,5) God of War
6) Black Panther,6) Kavanaugh Confirmation,6) Eminem,6) Allison Mack,6) Dez Bryant,6) How to take off makeup without makeup wipes,6) Optavia diet,6) Alexander McQueen,6) Men's Fashion,6) Necco Wafers,6) Cat Curling GIF,6) How to get the old Snapchat back,6) XXXTentacion,6) A Star Is Born,6) Travis Scott,6) Nikki Haley,6) Los Angeles Lakers,6) In My Feelings,6) Corbra Kai,6) Joe Scarborough and Mika Wedding,6) What is Prince Harry's last name,6) Where is my polling place,6) Who won the election,6) England National Football Team,6) Cómo hacer slime,6) Dónde queda qatar,6) Qué es Bitcoin,6) Coquito receta,6) El Color de Tus Ojos,6) Monster Hunter: World
7) Mega Millions Results,7) Florida Shooting,7) Urban Meyer,7) Noah Centineo,7) Nick Foles,7) How to apply aloe vera on face,7) Dr. Gundry diet,7) Dolce & Gabbana,7) Harajuku fashion,7) Keto cookies,7) Ugandan Knuckles GIF,7) How to play Powerball,7) Mollie Tibbetts,7) Bohemian Rhapsody,7) Childish Gambino,7) Lindsey Graham,7) Boston Celtics,7) Electric Slide,7) Castle Rock,7) Kit Harington Wedding,7) What is Fortnite,7) Where is Pyeongchang,7) Who bit Beyoncé,7) Belgium National Football Team,7) Cómo marcar privado,7) Dónde sera el mundial 2026,7) Qué es el Ramadan,7) Caldo de pollo receta,7) Radicamos en South Central,7) Sea of Thieves
8) Stan Lee,8) Royal Wedding,8) Ariana Grande,8) Bradley Cooper,8) Chloe Kim,8) How to glue down eyebrows,8) Fasting diet,8) Fashionphile,8) Hipster style,8) Keto chili,8) Draymond Green GIF,8) How to buy Bitcoin,8) Avicii,8) Venom,8) Machine Gun Kelly,8) Kyrsten Sinema,8) Cleveland Browns,"8) thank u, next",8) Westworld,8) Jordan Spieth Wedding,8) What is a duck boat,8) Where is Amazon based,8) Who is Lil Tay,8) Russia National Football Team,8) Cómo eliminar las cucarachas,8) Dónde esta Croacia en el mapa,8) Qué es el gluten,8) Receta de champurrado,8) Culpables,8) Call of Duty: Black Ops 4
9) Demi Lovato,9) Olympic Medal Count,9) Rick Ross,9) Roseanne Barr,9) Naomi Osaka,9) How to fix cakey makeup,9) Fodmap diet,9) Dior,9) Kate Middleton,9) Keto brownies,9) Cardi B GIF,9) How to screen record,9) Burt Reynolds,9) Hereditary,9) Meek Mill,9) Nancy Pelosi,9) Chicago Bears,9) Mo Bamba,9) Insatiable,9) Emily Ratajkowski wedding,9) What is a Yanny Laurel,9) Where is Paradise California,9) Who does Arie end up with,9) France National Football Team,9) Cómo decorar un pavo de papel,9) Dónde esta la caravana de migrantes,9) Qué es momo,9) Receta de camarones,9) 18 Libras,9) Kingdom Come: Deliverance
10) Election Results,10) Government Shutdown,10) Cardi B,10) Chadwick Boseman,10) Johnny Weir,10) What color concealer to use,10) The Shepherd's Diet,10) Moschino,10) 80s mens fashion,10) Gochujang,10) Floss Dance GIF,10) How to get Boogie Down emote,10) John McCain,10) The Nun,10) Queen,10) Susan Collins,10) Milwaukee Brewers,10) Lucid Dreams,10) On My Block,10) Kane Brown Wedding,10) What is a nationalist,10) Where is Prince from,10) Who is Marshmello,10) Portugal National Football Team,10) Cómo hacer papel picado,10) Dónde nacio Luis Miguel,10) Qué es el TPS,10) Aguachiles receta,10) Fire Up,10) Zombs Royale